Customer_ID,Customer_Name
1,David Gutierrez
2,Hannah Brown
3,Melissa Duncan
4,Eric Nguyen
5,Carol Lynch
6,Janice Sanchez
7,Brandy Smith
8,Erica Sutton
9,Christopher Noble
10,Michael Matthews
11,Kevin Gonzalez
12,Shane Garcia
13,Monique Gonzalez
14,Elaine Wong
15,David Robinson
16,Heather Russell
17,James Jones
18,Elizabeth Contreras
19,David Ellis
20, Heather Russell
21,Amanda Waters
22,Matthew Miles
23, Amanda Waters
24,Bruce Chambers
25,Tabitha Bernard
26,Logan Maddox
27,Daniel Flores
28,Randall Decker
29,Michael Valentine
30,Dr. James Garza
31,Veronica Pitts
32,Joseph Butler
33,Jonathan Smith
34,Derek Young
35,Morgan Simmons
36,James Morgan
37,Miguel Mendoza
38,Jade Gilbert
39,Karen Sullivan
40,Tracey Perez
41,Lori James
42,Jennifer Williams
43,Courtney Dixon
44,Aimee White
45,Heather Wheeler
46,Melissa Curry
47,Tiffany Gardner
48,Victoria Ramirez
49,Jillian Jackson
50,Sara Garcia
51,Mary Vega DDS
52,Kristy Nash
53,Christopher Scott
54,Patricia Jenkins
55,Shawn Gonzalez
56,Margaret Burch
57,John Garcia
58,Stephanie Ortega
59,Jason Phillips
60,Robert James
61,Anthony Wells
62,Patrick Hanna
63,Brittany Watson
64,Kevin Meyer
65,Jennifer Snyder
66,Andrew Stephens
67,Patricia Johnson
68,Elizabeth Smith
69,Amy Browning
70,Tamara Wu
71,Mark Santiago
72,Steven Gardner
73,Crystal Landry
74,Tiffany Scott
75,Ashley Poole
76,William Collins
77,Susan Browning
78,Catherine Thompson
79,Christopher Bailey
80,Laura Archer
81,Jasmine Harvey
82,Aaron Bruce
83,Carolyn Wright
84,James Bradley
85,Julie Watson DVM
86,Catherine Martinez
87,Dr. Brian Byrd
88,Andrew Hill
89,Adam Klein
90,Anthony Jennings
91,Heather Collins
92,Gavin Griffin
93,Bobby Horton
94,Jerome Bright
95,Brandon Myers
96,Margaret Wells
97,Kelly Huang
98,Michael Woodward
99,Deanna Glover
100,Carolyn Roberts
101,Jonathan Jones
102,Matthew Lara
103,Michael Smith
104,Joe Barton
105,Jerry Singh
106,Kelly Curry
107,Paul Cook
108,Ashley Davis
109,Antonio Nielsen
110,Darrell Wolfe
111,Julie Johnson
112,Alexander Wallace
113,Sherry Rogers
114,Deborah Salazar
115,Mrs. Kristi Myers
116,Dr. Rebekah Davenport
117,Christopher Ali
118,Julie Hale
119,Malik Rodriguez
120,Bradley Young
121,Michael Gordon
122,Billy Wade
123,Marvin Bonilla
124,Aaron Clark
125,Melanie Keller
126,Lucas Santiago
127,Nathan Harris
128,Angela Sherman
129,James Black
130,Roberto Farrell
131,Jason Morgan
132,Heather Peterson
133,Christopher Rodriguez
134,Veronica Bray
135,Wesley Walters
136,Catherine Jenkins
137,Anthony Sherman
138,Phillip Lucas
139,Nancy Shields
140,Patrick Hammond
141,Jamie Winters
142,Jessica Richmond
143,George Mack
144,Deborah Morris
145,Shannon Young
146,Antonio Pena
147,Emily Jackson
148,Daniel Gomez
149,Jennifer Friedman
150,William Blevins
151,Matthew Perry
152,Denise Murphy
153,Ashley Swanson
154,Teresa Garcia
155,Brian Smith
156,Juan Lucero
157,Carlos Downs
158,Catherine Lucero
159,Amber Gomez
160,Shane Gallegos MD
161,Jeffrey Hernandez
162,Janet Clark
163,Christopher Frederick
164,Ashley Dominguez
165,Thomas Frazier
166,Suzanne Graham
167,David Barrett
168,Donald Scott
169,Amanda Jones
170,Nathan Holland
171,Kimberly Carter
172,Daniel Lee
173,Daniel Jennings
174,Jonathan Turner
175,George Smith
176,James Brown
177,Megan Peterson
178,Robert Simmons
179,James Rose
180,Amanda Cervantes
181,Denise Ortega
182,Steven Larson
183,Jason Newman
184,Mark Campbell
185,Anthony Wilson
186,Joshua Walls
187,Todd Brown
188,Michael Miller
189,Eric Garcia
190,Casey Jones
191,Elizabeth Blake MD
192,Christina Garcia
193,Lauren Freeman
194,Caleb Little
195,Jennifer Pearson
196,Ricky Jacobs
197,Jean Morris
198,Mrs. Amber Hansen
199,Christina Johnson
200,Brian Hernandez
201,Diane Myers
202,Michael Barton
203,Thomas Burch
204,Sarah Baker
205,James Butler
206,Lisa Gregory
207,John Fisher
208,Christopher Romero
209,Erica Browning
210,Kristy James
211,Lauren Mendez
212,Sandra Good
213,Alyssa Phillips
214,Mark Winters
215,Teresa Rollins
216,Elizabeth Frazier
217,Lisa Jones
218,Heidi Boyle
219,Justin Howard
220,Casey Gonzalez
221,Amy Brown
222,Curtis Brown
223,David Hamilton
224,Jason Rocha
225,Michael Robinson
226,Derek Carlson
227,Carmen Gonzalez
228,Laura Wheeler
229,Autumn Robinson
230,Christina Castro
231,Raymond Cooper
232,Elizabeth Jones
233,Brenda Contreras
234,Larry Harvey
235,Jeffrey Ortiz
236,Richard Rodriguez
237,Jordan Guzman
238,Robert Glover
239,Melissa Wolfe
240,Monique Camacho
241,Crystal Collier
242,Alicia Clark
243,David Rodriguez
244,Diana Davis
245,Danielle Carey
246,Dustin Holt
247,Jeanette Flynn
248,Timothy Reeves
249,Elizabeth Stanley
250,David Patel
251,Christopher Kramer
252,Regina Gill
253,Norma Avila
254,Corey Roberts
255,Nicholas Carter
256,Elizabeth Farley
257,Timothy Miller
258,Joseph Hamilton
259,Andrew Suarez
260,Margaret Mcdowell
261,Stephen Campbell
262,Preston Flynn
263,Jason Russell
264,Ryan Zavala
265,Nichole Lopez
266,Jaime Cook
267,Mark Davis
268,Vicki Taylor
269,Scott Petty
270,Julie Tucker
271,Wyatt Jackson
272,Sheri White
273,Amanda Mahoney
274,Alyssa Anthony
275,James Thomas
276,Patrick Gibson
277,James Barber
278,Gerald Watson
279,William Williams
280,Amy Mclean
281,Deborah Green
282,Connie Roberts
283,Brandy Lewis
284,Derek Delgado
285,Jason Hill
286,William Crane
287,Erica Medina
288,Robert Campbell
289,Sara Graham
290,Diane Garza
291,Martin Estrada
292,Gregory Stephens
293,John Sutton
294,Luis Welch
295,Ricardo Neal
296,Jennifer Reed
297,Nicole Collins
298,Yvonne Davis
299,Nicole Barrett
300,Jason Martin
301,Lisa Andrade
302,Michael Roberts
303,Jose Kane
304,Kurt Washington
305,Melinda Myers
306,Jason King
307,Amy Ellis
308,Mary Johnson
309,Marisa Chang
310,Luis Mccullough
311,Jennifer Hunter
312,Tracy Bryant
313,James Martinez
314,Melissa Diaz
315,Wanda Gould
316,Melinda Levine
317,Guy Gay
318,Janet Salazar
319,Jeremy Johnson
320,Emily Mcmillan
321,Robert Mahoney
322,Daniel Fisher
323,Christina Adams
324,Brittany Hughes
325,Patricia Smith
326,Diane Olson
327,Kimberly Tyler
328,Justin Powell
329,Derek Cooper
330,Andrew Reilly
331,Jasmine Sharp
332,William Cross
333,Richard Brown
334,Lisa Franklin
335,Dennis Turner
336,Corey Rodriguez
337,Maurice Lyons
338,Larry Santiago
339,Mr. Douglas James MD
340,Jessica Burke
341,Kathleen Miranda
342,Jose Macias
343,Stacy Wagner
344,Mrs. Sheila Dean
345,Susan Carter
346,Richard Garcia
347,Shannon Morales PhD
348,Lynn Smith
349,Larry Perry MD
350,Christina Cochran
351,Alexander Nielsen
352,Brandon King
353,Dakota Hughes
354,Kimberly Gilbert
355,Ivan Haynes
356,Evan Howard
357,Karen Hester
358,Christopher Ruiz
359,Jennifer Santos
360,Amanda Mcfarland
361,Wendy Nichols
362,Diana House
363,Timothy Thomas
364,Victoria Sims
365,Barbara Ray
366,Ronald Floyd
367,Wesley Jimenez
368,Paul Wright MD
369,Johnny Dennis
370,Brandi Houston
371,Lisa Mora
372,Jeffery Mason
373,James Chase
374,Curtis Townsend
375,Anna Smith
376,Troy Roberts
377,Amanda Keller
378,Michele Ball
379,Allison Lynch
380,Anthony Armstrong
381,Kimberly Barnett
382,Patricia Nunez
383,Richard Roberts
384,Shannon Mueller
385,Jeanette Ramirez
386,Tamara Winters
387,Michael Skinner
388,Andrea Reynolds
389,Matthew Hays
390,Shawn Cherry
391,Christopher Dunlap
392,Alexis Williams
393,Ethan Combs
394,Jane Guzman
395,Melissa Ballard
396,Kenneth Ferguson
397,Dillon Church
398,Mary Curtis
399,Mrs. Melissa Schmidt
400,Austin Cain
401,Anthony Griffin
402,Melissa Garcia
403,Linda Dean
404,Ashley Wilson
405,Gregory Hicks MD
406,Thomas Huynh
407,Margaret Lopez
408,Diane Perez
409,Bailey Pearson
410,Billy Tapia
411,Nicole Parrish
412,Jennifer Moreno
413,Larry Higgins
414,Courtney Patterson
415,Frank Pena
416,Karen Cain
417,Kristin Bennett
418,Cassandra Alexander
419,Geoffrey Jenkins
420,David Bailey
421,Thomas Hernandez
422,James Nixon
423,Benjamin Stark
424,Charles Evans
425,Don Davis
426,Laura Valdez
427,Cindy Smith
428,Dale Salinas
429,Valerie Jones
430,Jessica Williams
431,Mark Smith
432,Joseph Kelley
433,Richard Lee
434,Zachary Fisher
435,Hailey Massey
436,Jennifer Barron
437,Alison Smith
438,Thomas Aguirre
439,Jessica Jacobs
440,Jonathan Lynch
441,John Mckinney
442,Gregory Brown
443,Michelle Rodriguez
444,Michelle Harris
445,Elizabeth Clark
446,Steven Melendez
447,Christina Donovan
448,Francisco Ramos
449,Connor Williams
450,Pamela Moore
451,Brittany Craig
452,Lisa Walters
453,Brian Wood
454,Jon Boyd
455,Matthew Cooper
456,Sarah Ponce
457,Jamie Phillips
458,Matthew Rogers
459,Christopher Chapman
460,Ashley Hull
461,Susan Glenn
462,Daniel Fowler
463,Monica Richards
464,Jean Miller
465,Wesley Le
466,Mark Thomas
467,Scott Clark
468,Cody Gonzalez
469,Bobby Miles
470,Mark Randolph
471,Katelyn Brown
472,Kenneth Coleman
473,Jerry Pineda
474,Carl Olson
475,Anthony Robinson
476,William Rasmussen
477,Joseph Barnes
478,Timothy Harris
479,Kevin Walker
480,Brian Brown
481,Gary Phillips
482,Debbie Castillo
483,Monica Hill
484,Elizabeth Hunter
