Order ID,Customer Name,Food Item,Category,Quantity,Price,Payment Method,Order Time,Sales Amount
1055,David Gutierrez,Ice Cream,Dessert,5,3.97,Online Payment,1/8/2025 22:56,19.85
1057,Hannah Brown,Soup,Starter,5,5.12,Credit Card,4/8/2025 3:59,25.6
1066,Melissa Duncan,Fries,Starter,2,22.97,Debit Card,7/6/2025 8:10,45.94
1084,Eric Nguyen,Pizza,Main,4,22.41,Online Payment,3/24/2025 1:48,89.64
1088,Carol Lynch,Ice Cream,Dessert,1,14.82,Cash,4/12/2025 10:21,14.82
1177,Janice Sanchez,Soup,Starter,5,2.44,Cash,4/7/2025 13:48,12.2
1202,Brandy Smith,Pasta,Main,2,8.54,Credit Card,8/3/2025 23:47,17.08
1239,Erica Sutton,Fries,Starter,3,17.61,Cash,3/23/2025 0:51,52.83
1239,Erica Sutton,Pizza,Main,1,19.62,Online Payment,4/29/2025 19:17,19.62
1270,Christopher Noble,Brownie,Dessert,2,4.1,Cash,6/17/2025 20:57,8.2
1272,Michael Matthews,Pasta,Main,5,2.2,Online Payment,5/15/2025 12:43,11
1278,Kevin Gonzalez,Salad,Starter,3,8.7,Cash,4/5/2025 12:33,26.1
1239,Erica Sutton,Burger,Main,3,16.3,Online Payment,3/1/2025 23:54,48.9
1326,Shane Garcia,Pizza,Main,3,21.3,Online Payment,3/31/2025 19:58,63.9
1329,Monique Gonzalez,Burger,Main,1,20.63,Cash,1/1/2025 1:36,20.63
1383,Elaine Wong,Cake,Dessert,2,23.5,Online Payment,6/12/2025 22:00,47
1388,David Robinson,Cake,Dessert,4,22.78,Cash,6/13/2025 15:22,91.12
1402,Heather Russell,Brownie,Dessert,4,15.75,Credit Card,3/12/2025 14:07,63
1402,Heather Russell,Ice Cream,Dessert,3,24.52,Debit Card,7/10/2025 19:21,73.56
1430,James Jones,Soup,Starter,1,17.38,Credit Card,6/9/2025 9:53,17.38
1402,Heather Russell,Brownie,Dessert,5,7.94,Debit Card,4/14/2025 2:26,39.7
1486,Elizabeth Contreras,Fries,Starter,3,15.77,Debit Card,7/11/2025 7:28,47.31
1402,Heather Russell,Ice Cream,Dessert,4,10,Cash,1/2/2025 15:46,40
1496,David Ellis,Fries,Starter,5,20.81,Credit Card,5/27/2025 19:58,104.05
1402, Heather Russell,Ice Cream,Dessert,2,18.86,Online Payment,8/9/2025 5:11,37.72
1510,Amanda Waters,Fries,Starter,5,7.5,Debit Card,4/10/2025 7:42,37.5
1510,Amanda Waters,Salad,Starter,2,18.47,Credit Card,7/8/2025 16:06,36.94
1587,Matthew Miles,Brownie,Dessert,5,7.39,Credit Card,4/12/2025 5:49,36.95
1510, Amanda Waters,Cake,Dessert,5,19.21,Cash,4/27/2025 8:08,96.05
1616,Bruce Chambers,Cake,Dessert,2,16.45,Credit Card,5/3/2025 14:33,32.9
1681,Tabitha Bernard,Pasta,Main,2,14.85,Debit Card,8/11/2025 18:18,29.7
1684,Logan Maddox,Cake,Dessert,3,5.18,Debit Card,1/27/2025 14:30,15.54
1708,Daniel Flores,Burger,Main,1,8.13,Online Payment,4/29/2025 9:53,8.13
1770,Randall Decker,Brownie,Dessert,1,20.5,Online Payment,3/29/2025 5:22,20.5
1792,Michael Valentine,Ice Cream,Dessert,4,7.15,Debit Card,5/13/2025 7:01,28.6
1812,Dr. James Garza,Burger,Main,4,22.68,Cash,7/27/2025 21:00,90.72
1815,Veronica Pitts,Brownie,Dessert,1,16.84,Online Payment,5/22/2025 14:10,16.84
1812,Dr. James Garza,Brownie,Dessert,3,21.93,Cash,4/9/2025 19:56,65.79
1868,Joseph Butler,Pizza,Main,4,11.07,Credit Card,2/12/2025 6:26,44.28
1812,Dr. James Garza,Pizza,Main,2,24.7,Debit Card,4/30/2025 21:17,49.4
1909,Jonathan Smith,Soup,Starter,4,16.89,Credit Card,2/21/2025 23:08,67.56
1909,Jonathan Smith,Burger,Main,1,7.43,Credit Card,8/10/2025 0:07,7.43
1812,Dr. James Garza,Pizza,Main,1,12.15,Online Payment,4/29/2025 10:32,12.15
1955,Derek Young,Cake,Dessert,2,8.64,Online Payment,5/11/2025 21:18,17.28
1909,Jonathan Smith,Soup,Starter,3,9.86,Cash,1/28/2025 8:49,29.58
2013,Morgan Simmons,Burger,Main,4,9.02,Debit Card,4/13/2025 21:22,36.08
2035,James Morgan,Pasta,Main,5,12.83,Credit Card,3/6/2025 3:34,64.15
2047,Miguel Mendoza,Ice Cream,Dessert,2,4.24,Credit Card,5/5/2025 4:18,8.48
2065,Jade Gilbert,Burger,Main,4,19.86,Online Payment,1/2/2025 10:36,79.44
2085,Karen Sullivan,Salad,Starter,5,6.46,Debit Card,6/6/2025 22:35,32.3
2110,Tracey Perez,Soup,Starter,1,20,Cash,5/21/2025 21:54,20
2121,Lori James,Burger,Main,1,22.48,Online Payment,6/17/2025 13:26,22.48
2141,Jennifer Williams,Pizza,Main,3,23.69,Debit Card,6/17/2025 11:43,71.07
2144,Courtney Dixon,Cake,Dessert,5,13.65,Cash,7/10/2025 3:21,68.25
2151,Aimee White,Salad,Starter,4,4.45,Cash,7/12/2025 8:38,17.8
2187,Heather Wheeler,Salad,Starter,2,12.43,Cash,6/5/2025 3:05,24.86
2227,Melissa Curry,Brownie,Dessert,1,11.66,Online Payment,3/1/2025 22:30,11.66
2229,Tiffany Gardner,Burger,Main,1,17.97,Cash,6/15/2025 15:06,17.97
2233,Victoria Ramirez,Cake,Dessert,3,17.26,Cash,2/15/2025 15:17,51.78
2234,Jillian Jackson,Brownie,Dessert,3,21.28,Debit Card,8/1/2025 16:44,63.84
2261,Sara Garcia,Soup,Starter,2,12.87,Cash,1/16/2025 5:53,25.74
2268,Mary Vega DDS,Pasta,Main,5,16.52,Cash,2/2/2025 14:28,82.6
2279,Kristy Nash,Pizza,Main,3,14.58,Credit Card,2/27/2025 17:15,43.74
2318,Christopher Scott,Soup,Starter,5,13.95,Debit Card,3/12/2025 7:38,69.75
2330,Patricia Jenkins,Ice Cream,Dessert,1,10.11,Online Payment,5/16/2025 19:43,10.11
2342,Shawn Gonzalez,Pasta,Main,4,18.54,Debit Card,3/7/2025 13:59,74.16
2354,Margaret Burch,Fries,Starter,2,22.82,Cash,7/30/2025 16:06,45.64
2365,John Garcia,Cake,Dessert,4,16.17,Credit Card,3/2/2025 6:13,64.68
2365,John Garcia,Salad,Starter,1,9.02,Debit Card,1/4/2025 1:09,9.02
2430,Stephanie Ortega,Cake,Dessert,1,10.69,Debit Card,5/4/2025 11:36,10.69
2365,John Garcia,Pizza,Main,1,5.37,Credit Card,2/15/2025 22:47,5.37
2447,Jason Phillips,Brownie,Dessert,2,10.24,Debit Card,2/10/2025 13:04,20.48
2458,Robert James,Burger,Main,2,18.83,Online Payment,1/28/2025 21:40,37.66
2513,Anthony Wells,Pizza,Main,1,3.89,Online Payment,5/26/2025 18:30,3.89
2535,Patrick Hanna,Pasta,Main,2,4.9,Online Payment,2/12/2025 5:00,9.8
2578,Brittany Watson,Soup,Starter,1,24.64,Cash,2/5/2025 0:37,24.64
2598,Kevin Meyer,Cake,Dessert,3,2.26,Cash,5/19/2025 9:12,6.78
2647,Jennifer Snyder,Fries,Starter,4,21.58,Debit Card,5/1/2025 12:21,86.32
2651,Andrew Stephens,Soup,Starter,3,24.99,Online Payment,3/14/2025 12:34,74.97
2660,Patricia Johnson,Burger,Main,3,14.93,Credit Card,4/3/2025 19:30,44.79
2682,Elizabeth Smith,Pizza,Main,2,2.64,Online Payment,2/5/2025 17:47,5.28
2710,Amy Browning,Pasta,Main,3,15.26,Credit Card,6/5/2025 20:32,45.78
2723,Tamara Wu,Soup,Starter,5,12.25,Online Payment,2/11/2025 2:01,61.25
2740,Mark Santiago,Soup,Starter,4,20.47,Online Payment,7/20/2025 2:22,81.88
2754,Steven Gardner,Cake,Dessert,3,6.01,Cash,7/28/2025 20:12,18.03
2780,Crystal Landry,Fries,Starter,3,8.6,Credit Card,7/14/2025 13:51,25.8
2785,Tiffany Scott,Pasta,Main,4,23.84,Online Payment,5/19/2025 12:24,95.36
2795,Ashley Poole,Ice Cream,Dessert,1,4.6,Cash,4/30/2025 3:41,4.6
2799,William Collins,Ice Cream,Dessert,1,13.62,Cash,6/25/2025 13:54,13.62
2814,Susan Browning,Pizza,Main,1,8.5,Debit Card,1/10/2025 23:10,8.5
2834,Catherine Thompson,Soup,Starter,3,8.31,Credit Card,6/20/2025 18:19,24.93
2838,Christopher Bailey,Pizza,Main,4,17.14,Debit Card,7/27/2025 14:30,68.56
2842,Laura Archer,Pizza,Main,4,18.08,Credit Card,6/27/2025 17:59,72.32
2849,Jasmine Harvey,Brownie,Dessert,1,7.33,Cash,1/21/2025 11:10,7.33
2857,Aaron Bruce,Salad,Starter,4,4.72,Debit Card,4/22/2025 19:43,18.88
2859,Carolyn Wright,Soup,Starter,5,23.02,Cash,3/29/2025 13:31,115.1
2891,James Bradley,Fries,Starter,1,19.41,Debit Card,7/18/2025 12:50,19.41
2894,Julie Watson DVM,Ice Cream,Dessert,2,18.21,Online Payment,3/12/2025 13:32,36.42
2902,Catherine Martinez,Brownie,Dessert,4,20.26,Credit Card,7/3/2025 20:17,81.04
2910,Dr. Brian Byrd,Soup,Starter,2,17.97,Online Payment,2/2/2025 11:53,35.94
2933,Andrew Hill,Fries,Starter,3,20.78,Credit Card,7/30/2025 3:53,62.34
2945,Adam Klein,Pizza,Main,5,13.3,Cash,2/1/2025 3:46,66.5
2951,Anthony Jennings,Fries,Starter,3,22.14,Credit Card,8/7/2025 14:43,66.42
2966,Heather Collins,Ice Cream,Dessert,2,8.85,Credit Card,8/11/2025 14:55,17.7
3007,Gavin Griffin,Ice Cream,Dessert,5,10.42,Online Payment,3/11/2025 15:50,52.1
3017,Bobby Horton,Ice Cream,Dessert,1,14.93,Debit Card,4/4/2025 11:08,14.93
3025,Jerome Bright,Brownie,Dessert,4,14.35,Credit Card,7/16/2025 23:04,57.4
3082,Brandon Myers,Brownie,Dessert,4,17.27,Debit Card,6/8/2025 10:57,69.08
3160,Margaret Wells,Pasta,Main,1,3.37,Credit Card,3/4/2025 7:41,3.37
3162,Kelly Huang,Salad,Starter,5,21.15,Credit Card,2/15/2025 17:55,105.75
3164,Michael Woodward,Ice Cream,Dessert,3,14.01,Debit Card,5/4/2025 3:28,42.03
3172,Deanna Glover,Cake,Dessert,1,4.57,Online Payment,2/2/2025 4:51,4.57
3174,Carolyn Roberts,Cake,Dessert,4,19.48,Cash,7/18/2025 0:59,77.92
3188,Jonathan Jones,Soup,Starter,4,11.67,Debit Card,4/24/2025 14:37,46.68
3193,Matthew Lara,Burger,Main,4,14.15,Online Payment,1/13/2025 7:45,56.6
3217,Michael Smith,Brownie,Dessert,4,9.4,Debit Card,6/11/2025 14:28,37.6
3244,Joe Barton,Burger,Main,5,2.35,Credit Card,2/28/2025 14:37,11.75
3257,Jerry Singh,Brownie,Dessert,5,12.07,Online Payment,6/10/2025 4:12,60.35
3280,Kelly Curry,Ice Cream,Dessert,4,2.06,Cash,4/18/2025 1:57,8.24
3293,Paul Cook,Burger,Main,5,6.91,Credit Card,3/21/2025 2:02,34.55
3304,Ashley Davis,Pasta,Main,5,24.02,Online Payment,6/7/2025 16:06,120.1
3308,Antonio Nielsen,Pizza,Main,4,8.66,Cash,3/10/2025 7:08,34.64
3312,Darrell Wolfe,Fries,Starter,2,21.63,Online Payment,5/3/2025 15:11,43.26
3327,Julie Johnson,Fries,Starter,1,19.11,Credit Card,6/21/2025 4:45,19.11
3339,Alexander Wallace,Pasta,Main,3,20.01,Online Payment,7/18/2025 18:47,60.03
3343,Sherry Rogers,Pizza,Main,2,3.76,Cash,7/5/2025 23:29,7.52
3356,Deborah Salazar,Fries,Starter,4,12.8,Debit Card,6/5/2025 19:11,51.2
3402,Mrs. Kristi Myers,Pasta,Main,2,21.07,Cash,2/4/2025 8:47,42.14
3502,Dr. Rebekah Davenport,Ice Cream,Dessert,3,23.47,Credit Card,7/8/2025 8:16,70.41
3517,Christopher Ali,Cake,Dessert,2,19.52,Cash,4/6/2025 3:15,39.04
3546,Julie Hale,Ice Cream,Dessert,5,3.44,Credit Card,8/13/2025 23:44,17.2
3565,Malik Rodriguez,Brownie,Dessert,3,12.74,Cash,2/3/2025 0:32,38.22
3605,Bradley Young,Brownie,Dessert,1,4.58,Online Payment,4/16/2025 14:09,4.58
3609,Michael Gordon,Salad,Starter,2,15.5,Cash,3/8/2025 23:54,31
3639,Billy Wade,Ice Cream,Dessert,1,9.7,Cash,3/5/2025 6:04,9.7
3640,Marvin Bonilla,Pasta,Main,5,14.17,Online Payment,7/24/2025 16:57,70.85
3652,Aaron Clark,Salad,Starter,5,21.85,Credit Card,3/10/2025 7:36,109.25
3655,Melanie Keller,Fries,Starter,1,6.07,Debit Card,1/11/2025 12:27,6.07
3680,Lucas Santiago,Brownie,Dessert,4,24.79,Cash,5/22/2025 19:51,99.16
3721,Nathan Harris,Ice Cream,Dessert,1,21.76,Online Payment,1/26/2025 4:04,21.76
3742,Angela Sherman,Burger,Main,2,10.81,Cash,2/20/2025 9:20,21.62
3744,James Black,Pizza,Main,3,7.77,Debit Card,3/28/2025 0:20,23.31
3765,Roberto Farrell,Cake,Dessert,3,7.48,Online Payment,7/16/2025 13:38,22.44
3769,Jason Morgan,Brownie,Dessert,1,20.54,Debit Card,4/26/2025 16:42,20.54
3775,Heather Peterson,Burger,Main,5,14.54,Debit Card,7/18/2025 12:26,72.7
3800,Christopher Rodriguez,Ice Cream,Dessert,1,13.78,Debit Card,3/2/2025 18:17,13.78
3834,Veronica Bray,Fries,Starter,3,7.91,Cash,2/8/2025 4:06,23.73
3912,Wesley Walters,Pasta,Main,3,4.5,Debit Card,3/5/2025 10:53,13.5
3940,Catherine Jenkins,Pasta,Main,1,5.41,Credit Card,5/29/2025 5:00,5.41
3946,Anthony Sherman,Pasta,Main,1,13.05,Credit Card,6/3/2025 1:41,13.05
3953,Phillip Lucas,Salad,Starter,4,13.31,Debit Card,7/19/2025 1:52,53.24
3982,Nancy Shields,Soup,Starter,4,21.02,Debit Card,4/20/2025 11:23,84.08
4002,Patrick Hammond,Ice Cream,Dessert,4,12.85,Credit Card,4/24/2025 9:40,51.4
4011,Jamie Winters,Pizza,Main,1,6.17,Credit Card,5/28/2025 15:15,6.17
4013,Jessica Richmond,Pizza,Main,4,17.87,Debit Card,5/25/2025 14:25,71.48
4033,George Mack,Brownie,Dessert,5,9.64,Online Payment,6/28/2025 7:30,48.2
4050,Deborah Morris,Fries,Starter,5,5.92,Online Payment,1/31/2025 10:05,29.6
4055,Shannon Young,Salad,Starter,1,10.79,Credit Card,5/9/2025 5:40,10.79
4056,Antonio Pena,Pizza,Main,4,15.11,Online Payment,6/20/2025 22:05,60.44
4060,Emily Jackson,Ice Cream,Dessert,4,13.71,Online Payment,4/24/2025 5:16,54.84
4062,Daniel Gomez,Ice Cream,Dessert,4,21.39,Online Payment,5/31/2025 23:14,85.56
4081,Jennifer Friedman,Cake,Dessert,5,17.18,Online Payment,3/26/2025 8:57,85.9
4115,William Blevins,Fries,Starter,1,8.92,Cash,3/26/2025 7:57,8.92
4142,Matthew Perry,Ice Cream,Dessert,2,4.37,Online Payment,5/1/2025 1:41,8.74
4144,Denise Murphy,Fries,Starter,2,3.8,Cash,2/26/2025 20:30,7.6
4165,Ashley Swanson,Burger,Main,5,19.01,Cash,1/26/2025 1:02,95.05
4183,Teresa Garcia,Pizza,Main,2,7.16,Credit Card,5/26/2025 23:29,14.32
4195,Brian Smith,Brownie,Dessert,1,21.71,Debit Card,3/3/2025 22:26,21.71
4212,Juan Lucero,Fries,Starter,5,15.29,Debit Card,1/2/2025 15:49,76.45
4224,Carlos Downs,Pasta,Main,4,24.36,Debit Card,1/22/2025 1:14,97.44
4233,Catherine Lucero,Pizza,Main,3,7.71,Debit Card,2/11/2025 20:50,23.13
4250,Amber Gomez,Brownie,Dessert,2,2.62,Credit Card,3/5/2025 10:31,5.24
4274,Shane Gallegos MD,Burger,Main,4,8.19,Online Payment,6/16/2025 4:03,32.76
4296,Jeffrey Hernandez,Salad,Starter,1,13.44,Online Payment,1/8/2025 12:57,13.44
4352,Janet Clark,Soup,Starter,5,2.51,Credit Card,4/9/2025 4:26,12.55
4367,Christopher Frederick,Cake,Dessert,5,4.4,Cash,4/5/2025 14:19,22
4389,Ashley Dominguez,Fries,Starter,3,24.74,Debit Card,3/10/2025 15:57,74.22
4390,Thomas Frazier,Pizza,Main,1,4.84,Cash,4/22/2025 2:38,4.84
4403,Suzanne Graham,Soup,Starter,2,24.01,Cash,3/27/2025 8:24,48.02
4472,David Barrett,Brownie,Dessert,1,24.96,Cash,2/25/2025 15:40,24.96
4478,Donald Scott,Soup,Starter,1,12.99,Online Payment,6/27/2025 0:46,12.99
4484,Amanda Jones,Pizza,Main,5,11.26,Cash,5/30/2025 11:32,56.3
4514,Nathan Holland,Soup,Starter,4,2.28,Cash,5/30/2025 9:24,9.12
4525,Kimberly Carter,Salad,Starter,5,23.15,Credit Card,3/17/2025 9:05,115.75
4540,Daniel Lee,Burger,Main,4,21.64,Debit Card,3/21/2025 17:26,86.56
4559,Daniel Jennings,Fries,Starter,3,20.32,Cash,7/13/2025 12:15,60.96
4569,Jonathan Turner,Burger,Main,4,19.73,Credit Card,3/14/2025 9:32,78.92
4626,George Smith,Fries,Starter,3,3.44,Credit Card,5/5/2025 8:56,10.32
4681,James Brown,Fries,Starter,3,8.73,Credit Card,2/9/2025 23:48,26.19
4700,Megan Peterson,Pizza,Main,4,18.38,Online Payment,7/21/2025 22:05,73.52
4707,Robert Simmons,Soup,Starter,3,24.45,Cash,8/6/2025 13:59,73.35
4718,James Rose,Pizza,Main,1,5.11,Credit Card,4/28/2025 3:34,5.11
4728,Amanda Cervantes,Brownie,Dessert,1,22.89,Cash,6/26/2025 21:34,22.89
4803,Denise Ortega,Ice Cream,Dessert,5,7.76,Online Payment,4/17/2025 12:31,38.8
4811,Steven Larson,Salad,Starter,5,8.06,Cash,1/3/2025 6:06,40.3
4827,Jason Newman,Soup,Starter,2,13.38,Debit Card,4/23/2025 19:18,26.76
4837,Mark Campbell,Salad,Starter,4,17.71,Debit Card,5/4/2025 13:34,70.84
4844,Anthony Wilson,Fries,Starter,3,15.93,Credit Card,5/30/2025 5:29,47.79
4846,Joshua Walls,Fries,Starter,2,10.54,Credit Card,4/4/2025 6:25,21.08
4855,Todd Brown,Cake,Dessert,2,4.09,Credit Card,1/5/2025 20:38,8.18
4859,Michael Miller,Salad,Starter,3,9.52,Cash,4/12/2025 14:32,28.56
4860,Eric Garcia,Ice Cream,Dessert,3,8.02,Debit Card,2/1/2025 4:21,24.06
4870,Casey Jones,Cake,Dessert,2,8.52,Online Payment,1/25/2025 7:34,17.04
4902,Elizabeth Blake MD,Pizza,Main,5,5.38,Debit Card,4/30/2025 9:21,26.9
4908,Christina Garcia,Ice Cream,Dessert,4,2.51,Online Payment,1/28/2025 14:45,10.04
4925,Lauren Freeman,Brownie,Dessert,5,12.99,Online Payment,6/26/2025 13:27,64.95
4937,Caleb Little,Cake,Dessert,5,16.07,Credit Card,2/15/2025 0:38,80.35
4959,Jennifer Pearson,Salad,Starter,3,11.61,Cash,4/20/2025 22:52,34.83
4961,Ricky Jacobs,Pizza,Main,5,17,Debit Card,7/27/2025 19:57,85
5080,Jean Morris,Ice Cream,Dessert,2,3.79,Debit Card,1/28/2025 13:23,7.58
5095,Mrs. Amber Hansen,Cake,Dessert,3,18.92,Credit Card,3/28/2025 17:29,56.76
5098,Christina Johnson,Pasta,Main,5,10.46,Debit Card,7/30/2025 11:33,52.3
5103,Brian Hernandez,Brownie,Dessert,3,13.97,Online Payment,5/9/2025 18:52,41.91
5133,Diane Myers,Burger,Main,4,3.18,Cash,1/16/2025 5:47,12.72
5134,Michael Barton,Cake,Dessert,1,20.73,Online Payment,2/5/2025 0:34,20.73
5166,Thomas Burch,Ice Cream,Dessert,1,11.52,Credit Card,1/12/2025 8:32,11.52
5188,Sarah Baker,Fries,Starter,5,17.43,Online Payment,6/24/2025 16:22,87.15
5227,James Butler,Soup,Starter,4,13.64,Online Payment,2/12/2025 18:13,54.56
5252,Lisa Gregory,Fries,Starter,2,24.51,Cash,7/27/2025 11:06,49.02
5293,John Fisher,Pizza,Main,3,19.29,Credit Card,2/18/2025 8:39,57.87
5294,Christopher Romero,Burger,Main,3,11.86,Cash,5/9/2025 14:13,35.58
5318,Erica Browning,Burger,Main,5,2.15,Credit Card,6/10/2025 13:33,10.75
5320,Kristy James,Fries,Starter,3,5.49,Online Payment,6/27/2025 3:50,16.47
5324,Lauren Mendez,Pizza,Main,1,22.59,Online Payment,1/24/2025 19:52,22.59
5326,Sandra Good,Burger,Main,3,2.42,Credit Card,6/19/2025 11:16,7.26
5344,Alyssa Phillips,Salad,Starter,1,12.71,Online Payment,5/20/2025 23:28,12.71
5358,Mark Winters,Soup,Starter,4,5.53,Online Payment,7/23/2025 12:35,22.12
5359,Teresa Rollins,Ice Cream,Dessert,5,19.48,Cash,1/5/2025 8:03,97.4
5387,Elizabeth Frazier,Soup,Starter,1,16.58,Cash,4/20/2025 2:29,16.58
5394,Lisa Jones,Brownie,Dessert,3,2.16,Online Payment,5/27/2025 19:19,6.48
5409,Heidi Boyle,Ice Cream,Dessert,5,4.77,Cash,4/28/2025 8:32,23.85
5411,Justin Howard,Pizza,Main,1,2.46,Online Payment,5/22/2025 17:00,2.46
5416,Casey Gonzalez,Brownie,Dessert,4,12.91,Online Payment,5/3/2025 5:15,51.64
5460,Amy Brown,Pizza,Main,5,9.58,Credit Card,5/3/2025 18:38,47.9
5467,Curtis Brown,Fries,Starter,2,6.3,Debit Card,2/19/2025 13:31,12.6
5481,David Hamilton,Pasta,Main,3,18.74,Online Payment,2/5/2025 23:19,56.22
5509,Jason Rocha,Pizza,Main,3,17.18,Credit Card,4/27/2025 11:43,51.54
5520,Michael Robinson,Pasta,Main,2,7.19,Credit Card,3/29/2025 13:20,14.38
5544,Derek Carlson,Fries,Starter,2,10.24,Credit Card,4/18/2025 11:28,20.48
5547,Carmen Gonzalez,Salad,Starter,1,20.57,Debit Card,2/26/2025 19:03,20.57
5550,Laura Wheeler,Pizza,Main,3,24.52,Debit Card,7/28/2025 21:27,73.56
5559,Autumn Robinson,Cake,Dessert,1,20.93,Debit Card,4/13/2025 2:12,20.93
5577,Christina Castro,Pasta,Main,2,23.6,Cash,2/8/2025 12:12,47.2
5594,Raymond Cooper,Ice Cream,Dessert,5,16.81,Online Payment,2/6/2025 0:27,84.05
5614,Elizabeth Jones,Pizza,Main,5,8.86,Cash,5/4/2025 9:08,44.3
5624,Brenda Contreras,Pasta,Main,5,20.07,Credit Card,4/4/2025 16:28,100.35
5649,Larry Harvey,Salad,Starter,4,21.98,Online Payment,3/14/2025 15:47,87.92
5707,Jeffrey Ortiz,Brownie,Dessert,5,12.33,Debit Card,3/1/2025 18:55,61.65
5747,Richard Rodriguez,Ice Cream,Dessert,2,8.57,Credit Card,4/10/2025 12:57,17.14
5758,Jordan Guzman,Salad,Starter,1,15.57,Cash,7/27/2025 6:08,15.57
5766,Robert Glover,Brownie,Dessert,5,6.02,Debit Card,1/25/2025 20:37,30.1
5788,Melissa Wolfe,Brownie,Dessert,3,3.84,Cash,7/3/2025 9:32,11.52
5816,Monique Camacho,Fries,Starter,2,4.4,Debit Card,2/7/2025 22:54,8.8
5831,Crystal Collier,Salad,Starter,1,6.23,Credit Card,5/24/2025 8:50,6.23
5845,Alicia Clark,Soup,Starter,5,10.83,Credit Card,4/12/2025 0:03,54.15
5892,David Rodriguez,Cake,Dessert,5,22.63,Credit Card,4/10/2025 14:07,113.15
5906,Diana Davis,Fries,Starter,3,4.63,Credit Card,6/2/2025 10:35,13.89
5913,Danielle Carey,Soup,Starter,2,6.12,Credit Card,7/14/2025 12:38,12.24
5924,Dustin Holt,Salad,Starter,3,3.84,Online Payment,5/22/2025 4:02,11.52
5940,Jeanette Flynn,Pizza,Main,1,13.85,Online Payment,8/10/2025 2:16,13.85
5946,Timothy Reeves,Ice Cream,Dessert,1,12.57,Credit Card,2/11/2025 1:52,12.57
5948,Elizabeth Stanley,Cake,Dessert,1,11.95,Debit Card,7/14/2025 8:20,11.95
5951,David Patel,Burger,Main,2,9.76,Credit Card,8/12/2025 17:00,19.52
5954,Christopher Kramer,Pasta,Main,3,6.4,Debit Card,3/23/2025 16:44,19.2
5982,Regina Gill,Ice Cream,Dessert,3,17.1,Cash,5/7/2025 8:42,51.3
6017,Norma Avila,Pasta,Main,4,20.7,Credit Card,7/6/2025 14:32,82.8
6030,Corey Roberts,Salad,Starter,1,20.33,Cash,3/26/2025 9:27,20.33
6070,Nicholas Carter,Cake,Dessert,3,14.89,Online Payment,3/22/2025 7:05,44.67
6080,Elizabeth Farley,Cake,Dessert,5,20.81,Debit Card,2/17/2025 9:39,104.05
6092,Timothy Miller,Fries,Starter,5,21.43,Cash,7/11/2025 4:42,107.15
6096,Joseph Hamilton,Brownie,Dessert,1,2.59,Online Payment,7/9/2025 8:52,2.59
6116,Andrew Suarez,Burger,Main,5,4.95,Online Payment,2/11/2025 2:48,24.75
6151,Margaret Mcdowell,Ice Cream,Dessert,2,13.64,Online Payment,7/19/2025 3:04,27.28
6212,Stephen Campbell,Burger,Main,1,18.24,Cash,3/5/2025 0:09,18.24
6218,Preston Flynn,Fries,Starter,4,17.26,Credit Card,5/19/2025 13:00,69.04
6244,Jason Russell,Burger,Main,1,5.86,Debit Card,6/25/2025 18:16,5.86
6247,Ryan Zavala,Pizza,Main,5,8.54,Debit Card,1/11/2025 5:34,42.7
6257,Nichole Lopez,Salad,Starter,5,14.18,Credit Card,3/25/2025 8:30,70.9
6263,Jaime Cook,Salad,Starter,5,6.99,Cash,3/14/2025 6:35,34.95
6266,Mark Davis,Brownie,Dessert,2,18.78,Credit Card,7/28/2025 2:34,37.56
6272,Vicki Taylor,Ice Cream,Dessert,2,3.8,Online Payment,8/3/2025 20:50,7.6
6279,Scott Petty,Brownie,Dessert,1,23.87,Credit Card,3/8/2025 17:02,23.87
6280,Julie Tucker,Ice Cream,Dessert,1,16.94,Cash,7/15/2025 23:05,16.94
6306,Wyatt Jackson,Brownie,Dessert,1,12,Cash,7/1/2025 6:54,12
6309,Sheri White,Salad,Starter,5,15.44,Online Payment,8/1/2025 17:25,77.2
6314,Amanda Mahoney,Burger,Main,4,9.64,Cash,5/17/2025 1:26,38.56
6323,Alyssa Anthony,Pizza,Main,1,21.31,Cash,1/15/2025 19:21,21.31
6329,James Thomas,Burger,Main,3,3.26,Online Payment,1/18/2025 21:53,9.78
6341,Patrick Gibson,Pasta,Main,4,16.48,Cash,1/20/2025 20:30,65.92
6353,James Barber,Brownie,Dessert,1,19.99,Debit Card,5/5/2025 20:34,19.99
6389,Gerald Watson,Soup,Starter,5,14.74,Cash,7/16/2025 9:55,73.7
6404,William Williams,Brownie,Dessert,5,16.54,Cash,3/6/2025 19:30,82.7
6443,Amy Mclean,Pasta,Main,1,7.93,Cash,6/27/2025 1:59,7.93
6490,Deborah Green,Pizza,Main,5,4.09,Online Payment,2/21/2025 2:59,20.45
6498,Connie Roberts,Soup,Starter,2,9.87,Cash,2/25/2025 11:41,19.74
6565,Brandy Lewis,Cake,Dessert,4,6.61,Debit Card,5/30/2025 18:14,26.44
6578,Derek Delgado,Fries,Starter,4,16.74,Cash,1/29/2025 18:05,66.96
6590,Jason Hill,Soup,Starter,5,17.04,Debit Card,3/29/2025 16:25,85.2
6592,William Crane,Fries,Starter,1,8.88,Online Payment,5/20/2025 11:46,8.88
6622,Erica Medina,Cake,Dessert,4,3.47,Debit Card,6/20/2025 23:52,13.88
6626,Robert Campbell,Salad,Starter,1,21.57,Cash,4/20/2025 13:58,21.57
6634,Sara Graham,Pasta,Main,5,24.87,Credit Card,6/2/2025 10:53,124.35
6635,Diane Garza,Pizza,Main,4,21.66,Credit Card,7/12/2025 9:30,86.64
6672,Martin Estrada,Brownie,Dessert,1,8.92,Debit Card,2/5/2025 1:29,8.92
6685,Gregory Stephens,Brownie,Dessert,1,17.35,Debit Card,6/24/2025 0:55,17.35
6686,John Sutton,Burger,Main,2,6.44,Debit Card,8/4/2025 7:20,12.88
6706,Luis Welch,Brownie,Dessert,5,9.32,Debit Card,4/6/2025 18:44,46.6
6721,Ricardo Neal,Salad,Starter,5,5.87,Cash,6/5/2025 12:22,29.35
6753,Jennifer Reed,Fries,Starter,2,15.2,Debit Card,6/3/2025 5:28,30.4
6759,Nicole Collins,Pizza,Main,3,20.29,Cash,3/6/2025 17:30,60.87
6776,Yvonne Davis,Soup,Starter,5,22.33,Online Payment,2/13/2025 17:44,111.65
6789,Nicole Barrett,Brownie,Dessert,5,22.18,Cash,6/14/2025 14:56,110.9
6792,Jason Martin,Soup,Starter,4,8.76,Online Payment,3/18/2025 13:25,35.04
6802,Lisa Andrade,Salad,Starter,2,8.41,Credit Card,7/21/2025 0:43,16.82
6805,Michael Roberts,Fries,Starter,1,16.32,Credit Card,1/29/2025 3:45,16.32
6807,Jose Kane,Fries,Starter,4,3.6,Credit Card,3/2/2025 16:09,14.4
6815,Kurt Washington,Cake,Dessert,4,10.62,Online Payment,1/18/2025 2:30,42.48
6823,Melinda Myers,Cake,Dessert,4,10.8,Credit Card,2/20/2025 18:15,43.2
6828,Jason King,Salad,Starter,4,7.64,Cash,3/2/2025 10:16,30.56
6841,Amy Ellis,Brownie,Dessert,5,5.97,Credit Card,8/12/2025 9:36,29.85
6857,Mary Johnson,Salad,Starter,4,13.08,Debit Card,5/20/2025 12:34,52.32
6863,Marisa Chang,Fries,Starter,1,16.38,Debit Card,3/27/2025 12:16,16.38
6918,Luis Mccullough,Ice Cream,Dessert,3,11.34,Cash,6/18/2025 10:36,34.02
6920,Jennifer Hunter,Fries,Starter,3,17.36,Cash,6/7/2025 11:18,52.08
6939,Tracy Bryant,Fries,Starter,1,6.67,Credit Card,1/28/2025 9:19,6.67
6967,James Martinez,Pizza,Main,2,2.17,Debit Card,5/19/2025 15:47,4.34
6981,Melissa Diaz,Soup,Starter,3,8.73,Debit Card,7/22/2025 17:23,26.19
7004,Wanda Gould,Pasta,Main,3,12.29,Online Payment,5/11/2025 10:45,36.87
7016,Melinda Levine,Fries,Starter,5,9,Credit Card,1/29/2025 10:09,45
7019,Guy Gay,Burger,Main,4,21.44,Debit Card,7/25/2025 22:43,85.76
7043,Janet Salazar,Fries,Starter,2,5.93,Credit Card,6/21/2025 19:24,11.86
7046,Jeremy Johnson,Pasta,Main,2,13.69,Cash,4/13/2025 18:17,27.38
7092,Michael Smith,Salad,Starter,3,3.13,Credit Card,4/15/2025 10:57,9.39
7106,Emily Mcmillan,Salad,Starter,5,17.38,Cash,6/21/2025 22:04,86.9
7117,Robert Mahoney,Cake,Dessert,1,3.02,Credit Card,3/29/2025 2:52,3.02
7161,Daniel Fisher,Brownie,Dessert,4,22.68,Online Payment,2/10/2025 2:47,90.72
7194,Christina Adams,Pasta,Main,5,18.18,Cash,2/27/2025 13:51,90.9
7215,Brittany Hughes,Soup,Starter,1,14.27,Cash,7/30/2025 19:02,14.27
7240,Patricia Smith,Ice Cream,Dessert,4,19.19,Online Payment,4/27/2025 20:03,76.76
7257,Diane Olson,Pizza,Main,3,11.61,Debit Card,4/1/2025 15:08,34.83
7301,Kimberly Tyler,Fries,Starter,4,2.81,Credit Card,1/24/2025 10:51,11.24
7314,Justin Powell,Pizza,Main,2,9.13,Cash,5/7/2025 18:24,18.26
7424,Derek Cooper,Cake,Dessert,1,2.51,Credit Card,3/16/2025 9:13,2.51
7426,Andrew Reilly,Soup,Starter,3,19.13,Debit Card,3/22/2025 14:22,57.39
7469,Jasmine Sharp,Fries,Starter,3,16.38,Cash,1/20/2025 21:57,49.14
7476,William Cross,Salad,Starter,4,22.46,Cash,4/28/2025 20:25,89.84
7479,Richard Brown,Burger,Main,5,10.93,Debit Card,5/15/2025 19:57,54.65
7489,Lisa Franklin,Salad,Starter,4,22.14,Credit Card,4/29/2025 12:51,88.56
7532,Dennis Turner,Brownie,Dessert,4,23.76,Online Payment,8/10/2025 19:33,95.04
7535,Corey Rodriguez,Salad,Starter,2,22.45,Cash,4/8/2025 9:28,44.9
7554,Maurice Lyons,Pasta,Main,4,2.69,Credit Card,1/12/2025 7:18,10.76
7570,Larry Santiago,Burger,Main,4,21.01,Debit Card,5/8/2025 12:15,84.04
7586,Mr. Douglas James MD,Pasta,Main,4,7.76,Online Payment,1/18/2025 12:47,31.04
7605,Jessica Burke,Pasta,Main,4,23.55,Credit Card,7/13/2025 12:42,94.2
7606,Kathleen Miranda,Pizza,Main,3,19.67,Debit Card,2/18/2025 20:11,59.01
7628,Jose Macias,Burger,Main,2,22.54,Credit Card,5/14/2025 8:41,45.08
7631,Stacy Wagner,Fries,Starter,1,18.78,Online Payment,8/11/2025 15:20,18.78
7636,Mrs. Sheila Dean,Pasta,Main,4,18.54,Credit Card,6/11/2025 3:33,74.16
7659,Susan Carter,Pasta,Main,1,16.06,Cash,8/6/2025 17:35,16.06
7705,Richard Garcia,Burger,Main,5,12.3,Online Payment,2/11/2025 3:19,61.5
7716,Shannon Morales PhD,Ice Cream,Dessert,3,19.07,Online Payment,2/4/2025 19:58,57.21
7720,Lynn Smith,Cake,Dessert,1,22.1,Debit Card,1/25/2025 12:55,22.1
7725,Larry Perry MD,Pizza,Main,2,5.31,Credit Card,1/23/2025 14:59,10.62
7756,Christina Cochran,Brownie,Dessert,1,21.83,Credit Card,7/26/2025 8:22,21.83
7768,Alexander Nielsen,Burger,Main,2,9.17,Online Payment,5/18/2025 12:15,18.34
7792,Brandon King,Salad,Starter,1,6.8,Debit Card,7/14/2025 14:41,6.8
7805,Dakota Hughes,Ice Cream,Dessert,1,17.82,Debit Card,4/13/2025 5:56,17.82
7824,Kimberly Gilbert,Brownie,Dessert,5,9.88,Cash,5/22/2025 21:34,49.4
7876,Ivan Haynes,Soup,Starter,5,20.54,Credit Card,7/23/2025 8:10,102.7
7900,Evan Howard,Pizza,Main,4,3.61,Online Payment,3/11/2025 12:11,14.44
7901,Karen Hester,Soup,Starter,4,3.07,Debit Card,1/10/2025 21:51,12.28
7910,Christopher Ruiz,Salad,Starter,1,15.78,Online Payment,1/18/2025 18:55,15.78
7920,Jennifer Santos,Soup,Starter,1,6.65,Debit Card,6/14/2025 20:05,6.65
7930,Amanda Mcfarland,Brownie,Dessert,3,15.07,Cash,4/24/2025 12:27,45.21
7940,Wendy Nichols,Cake,Dessert,4,3.79,Online Payment,8/14/2025 5:17,15.16
7960,Diana House,Cake,Dessert,3,5.09,Cash,1/4/2025 6:48,15.27
7965,Timothy Thomas,Cake,Dessert,5,6.64,Online Payment,4/22/2025 0:59,33.2
7969,Victoria Sims,Burger,Main,4,13.99,Credit Card,2/14/2025 4:48,55.96
7972,Barbara Ray,Cake,Dessert,1,17.86,Cash,3/25/2025 5:17,17.86
7976,Ronald Floyd,Pizza,Main,4,4.07,Online Payment,7/22/2025 17:45,16.28
7981,Wesley Jimenez,Fries,Starter,5,9.07,Credit Card,4/24/2025 0:36,45.35
8008,Paul Wright MD,Pizza,Main,1,10.08,Online Payment,7/22/2025 6:25,10.08
8018,Johnny Dennis,Burger,Main,5,11.79,Debit Card,4/28/2025 8:09,58.95
8051,Brandi Houston,Burger,Main,3,22.52,Credit Card,8/12/2025 11:08,67.56
8091,Lisa Mora,Fries,Starter,5,9.49,Cash,5/23/2025 4:28,47.45
8109,Jeffery Mason,Salad,Starter,2,15.56,Debit Card,7/2/2025 18:30,31.12
8137,James Chase,Burger,Main,5,22.71,Online Payment,6/16/2025 7:59,113.55
8168,Curtis Townsend,Salad,Starter,2,5.95,Credit Card,2/2/2025 1:44,11.9
8170,Anna Smith,Pasta,Main,3,21.48,Cash,5/28/2025 17:07,64.44
8174,Troy Roberts,Pasta,Main,2,7.19,Credit Card,4/6/2025 5:47,14.38
8184,Amanda Keller,Brownie,Dessert,2,8.43,Debit Card,1/7/2025 5:36,16.86
8196,Michele Ball,Brownie,Dessert,1,13.91,Online Payment,4/9/2025 17:49,13.91
8216,Allison Lynch,Burger,Main,4,4.46,Cash,7/3/2025 4:25,17.84
8243,Anthony Armstrong,Fries,Starter,4,6.04,Debit Card,8/12/2025 23:49,24.16
8255,Kimberly Barnett,Pasta,Main,5,20.85,Credit Card,5/9/2025 5:01,104.25
8278,Patricia Nunez,Brownie,Dessert,3,18.95,Credit Card,2/2/2025 2:30,56.85
8279,Richard Roberts,Burger,Main,2,12.61,Credit Card,8/4/2025 0:41,25.22
8280,Shannon Mueller,Pizza,Main,2,22.99,Cash,3/22/2025 4:57,45.98
8290,Jeanette Ramirez,Soup,Starter,2,16.98,Credit Card,3/20/2025 14:17,33.96
8321,Tamara Winters,Fries,Starter,1,19.75,Cash,7/27/2025 5:02,19.75
8360,Michael Skinner,Brownie,Dessert,4,19.7,Debit Card,2/3/2025 0:37,78.8
8382,Andrea Reynolds,Pizza,Main,3,6.65,Credit Card,7/29/2025 7:04,19.95
8430,Matthew Hays,Ice Cream,Dessert,1,4.1,Cash,8/1/2025 20:43,4.1
8445,Shawn Cherry,Brownie,Dessert,3,6.18,Cash,1/22/2025 11:31,18.54
8460,Christopher Dunlap,Soup,Starter,5,24.88,Online Payment,3/3/2025 8:36,124.4
8482,Alexis Williams,Cake,Dessert,1,17.95,Credit Card,3/14/2025 4:14,17.95
8483,Ethan Combs,Ice Cream,Dessert,4,16.21,Online Payment,3/5/2025 20:27,64.84
8526,Jane Guzman,Salad,Starter,1,15.84,Cash,6/17/2025 21:22,15.84
8544,Melissa Ballard,Ice Cream,Dessert,2,6.19,Online Payment,4/22/2025 14:02,12.38
8560,Kenneth Ferguson,Pizza,Main,1,20.26,Credit Card,8/7/2025 8:55,20.26
8612,Dillon Church,Fries,Starter,4,6.95,Credit Card,4/22/2025 9:03,27.8
8625,Mary Curtis,Cake,Dessert,5,22.96,Debit Card,7/7/2025 4:42,114.8
8629,Mrs. Melissa Schmidt,Burger,Main,1,9.28,Debit Card,1/7/2025 7:38,9.28
8664,Austin Cain,Burger,Main,5,19.78,Debit Card,5/20/2025 16:56,98.9
8675,Anthony Griffin,Pasta,Main,3,6.38,Credit Card,6/23/2025 0:18,19.14
8676,Melissa Garcia,Burger,Main,3,11.5,Debit Card,2/12/2025 14:06,34.5
8700,Linda Dean,Pizza,Main,1,6.27,Credit Card,6/8/2025 12:54,6.27
8740,Ashley Wilson,Cake,Dessert,5,12.26,Credit Card,2/9/2025 21:00,61.3
8767,Gregory Hicks MD,Pizza,Main,2,3.25,Cash,6/2/2025 23:01,6.5
8786,Thomas Huynh,Ice Cream,Dessert,2,2.27,Debit Card,6/15/2025 17:21,4.54
8800,Margaret Lopez,Soup,Starter,1,21.58,Cash,6/26/2025 13:08,21.58
8824,Diane Perez,Burger,Main,4,4.68,Cash,5/8/2025 13:37,18.72
8828,Bailey Pearson,Salad,Starter,1,13.11,Cash,4/14/2025 6:03,13.11
8851,Billy Tapia,Cake,Dessert,3,8.03,Cash,7/10/2025 21:53,24.09
8874,Nicole Parrish,Pizza,Main,1,23.88,Cash,7/5/2025 3:18,23.88
8875,Jennifer Moreno,Brownie,Dessert,2,20.3,Online Payment,4/16/2025 4:11,40.6
8884,Larry Higgins,Pizza,Main,3,9.64,Debit Card,5/30/2025 16:30,28.92
8927,Courtney Patterson,Soup,Starter,1,18.17,Cash,6/29/2025 16:52,18.17
8964,Frank Pena,Pasta,Main,4,3.5,Online Payment,7/31/2025 12:30,14
8968,Karen Cain,Pizza,Main,1,16.31,Online Payment,3/23/2025 15:16,16.31
8984,Kristin Bennett,Brownie,Dessert,4,17.02,Credit Card,6/4/2025 7:16,68.08
8996,Cassandra Alexander,Fries,Starter,4,7.58,Cash,5/4/2025 7:28,30.32
9001,Geoffrey Jenkins,Pasta,Main,5,11.9,Online Payment,6/4/2025 21:40,59.5
9040,David Bailey,Cake,Dessert,5,19.49,Cash,5/21/2025 14:35,97.45
9053,Thomas Hernandez,Pizza,Main,4,16.4,Cash,5/28/2025 3:14,65.6
9086,James Nixon,Soup,Starter,1,10.32,Online Payment,8/14/2025 7:20,10.32
9087,Benjamin Stark,Brownie,Dessert,1,5.68,Debit Card,5/28/2025 5:50,5.68
9088,Charles Evans,Soup,Starter,3,3.33,Online Payment,5/15/2025 11:37,9.99
9089,Don Davis,Pizza,Main,5,16.93,Online Payment,4/6/2025 14:37,84.65
9101,Laura Valdez,Burger,Main,3,4.78,Online Payment,7/28/2025 0:33,14.34
9125,Cindy Smith,Fries,Starter,3,16.68,Online Payment,8/4/2025 13:08,50.04
9126,Dale Salinas,Brownie,Dessert,5,23.28,Credit Card,1/5/2025 6:31,116.4
9130,Valerie Jones,Fries,Starter,4,18.67,Online Payment,2/10/2025 7:53,74.68
9154,Jessica Williams,Salad,Starter,3,22.49,Credit Card,6/18/2025 20:47,67.47
9175,Mark Smith,Cake,Dessert,4,16.02,Credit Card,7/28/2025 6:31,64.08
9207,Joseph Kelley,Brownie,Dessert,4,13.24,Cash,2/13/2025 1:16,52.96
9211,Richard Lee,Pizza,Main,5,6.59,Cash,8/5/2025 22:33,32.95
9240,Zachary Fisher,Brownie,Dessert,5,7.57,Debit Card,8/1/2025 8:53,37.85
9267,Hailey Massey,Brownie,Dessert,5,20.81,Cash,1/12/2025 6:36,104.05
9271,Jennifer Barron,Salad,Starter,1,7.31,Debit Card,5/15/2025 13:59,7.31
9276,Alison Smith,Salad,Starter,4,21.35,Debit Card,4/20/2025 11:28,85.4
9294,Thomas Aguirre,Salad,Starter,4,17.29,Debit Card,6/15/2025 6:59,69.16
9301,Jessica Jacobs,Pasta,Main,1,17.89,Credit Card,4/7/2025 7:43,17.89
9305,Jonathan Lynch,Cake,Dessert,1,5.14,Credit Card,7/27/2025 3:31,5.14
9319,John Mckinney,Ice Cream,Dessert,4,14.17,Online Payment,1/28/2025 8:27,56.68
9325,Gregory Brown,Ice Cream,Dessert,4,19.48,Cash,3/12/2025 8:06,77.92
9332,Michelle Rodriguez,Soup,Starter,3,14.6,Online Payment,1/21/2025 23:18,43.8
9369,Michelle Harris,Burger,Main,5,20.75,Credit Card,6/15/2025 23:04,103.75
9412,Elizabeth Clark,Cake,Dessert,2,18.29,Credit Card,1/12/2025 9:01,36.58
9414,Steven Melendez,Fries,Starter,4,15.55,Cash,8/13/2025 15:50,62.2
9428,Christina Donovan,Salad,Starter,5,3.53,Debit Card,2/20/2025 7:16,17.65
9429,Francisco Ramos,Pizza,Main,4,14.73,Online Payment,1/16/2025 23:15,58.92
9447,Connor Williams,Soup,Starter,1,12.23,Cash,3/15/2025 14:25,12.23
9450,Pamela Moore,Salad,Starter,3,22.03,Online Payment,7/14/2025 12:55,66.09
9485,Brittany Craig,Cake,Dessert,3,5.33,Online Payment,5/13/2025 20:32,15.99
9513,Lisa Walters,Brownie,Dessert,2,9.81,Debit Card,3/23/2025 18:38,19.62
9562,Brian Wood,Cake,Dessert,1,4.19,Online Payment,5/7/2025 3:09,4.19
9564,Jon Boyd,Pizza,Main,5,10.14,Cash,5/30/2025 22:52,50.7
9566,Matthew Cooper,Pasta,Main,1,23.91,Debit Card,3/11/2025 17:14,23.91
9578,Christopher Rodriguez,Salad,Starter,2,2.08,Debit Card,8/13/2025 11:41,4.16
9586,Sarah Ponce,Pizza,Main,4,22.44,Online Payment,2/21/2025 9:55,89.76
9593,Jamie Phillips,Fries,Starter,5,12.02,Debit Card,1/9/2025 13:54,60.1
9625,Matthew Rogers,Pizza,Main,1,16.55,Debit Card,6/3/2025 2:37,16.55
9659,Christopher Chapman,Soup,Starter,1,19.13,Online Payment,3/20/2025 14:46,19.13
9674,Ashley Hull,Pizza,Main,4,23.01,Credit Card,7/24/2025 5:14,92.04
9709,Susan Glenn,Cake,Dessert,4,21.78,Cash,6/20/2025 22:28,87.12
9737,Daniel Fowler,Salad,Starter,1,9.07,Credit Card,4/23/2025 6:37,9.07
9739,Monica Richards,Cake,Dessert,5,19.65,Credit Card,3/14/2025 5:55,98.25
9744,Jean Miller,Ice Cream,Dessert,5,9.69,Online Payment,5/29/2025 12:50,48.45
9748,Wesley Le,Cake,Dessert,3,24.03,Credit Card,7/4/2025 17:02,72.09
9764,Mark Thomas,Pizza,Main,5,18.14,Debit Card,7/8/2025 4:59,90.7
9769,Scott Clark,Burger,Main,2,17.22,Cash,5/28/2025 22:37,34.44
9772,Cody Gonzalez,Brownie,Dessert,5,2.81,Debit Card,4/20/2025 18:49,14.05
9779,Bobby Miles,Pizza,Main,5,9.43,Online Payment,1/22/2025 8:47,47.15
9798,Mark Randolph,Cake,Dessert,5,10.53,Cash,4/17/2025 18:30,52.65
9816,Katelyn Brown,Burger,Main,5,5.63,Cash,6/13/2025 3:41,28.15
9823,Kenneth Coleman,Salad,Starter,2,5.34,Cash,7/23/2025 20:49,10.68
9836,Jerry Pineda,Soup,Starter,3,15.99,Debit Card,7/15/2025 15:00,47.97
9839,Carl Olson,Salad,Starter,4,6.1,Debit Card,3/3/2025 2:35,24.4
9855,Anthony Robinson,Brownie,Dessert,5,3.58,Credit Card,5/2/2025 7:51,17.9
9859,William Rasmussen,Ice Cream,Dessert,5,10.01,Credit Card,3/24/2025 13:55,50.05
9879,Joseph Barnes,Ice Cream,Dessert,3,4.05,Cash,6/15/2025 5:15,12.15
9888,Timothy Harris,Pasta,Main,1,13.86,Debit Card,6/3/2025 18:34,13.86
9913,Kevin Walker,Fries,Starter,2,18.8,Debit Card,4/30/2025 5:04,37.6
9922,Brian Brown,Pasta,Main,5,16.28,Credit Card,8/10/2025 10:15,81.4
9927,Gary Phillips,Pasta,Main,2,17.57,Debit Card,3/24/2025 20:55,35.14
9936,Debbie Castillo,Salad,Starter,2,15.76,Credit Card,2/24/2025 1:19,31.52
9963,Jonathan Turner,Pasta,Main,4,3.07,Debit Card,2/5/2025 21:59,12.28
9969,Monica Hill,Fries,Starter,3,9.42,Debit Card,6/7/2025 9:10,28.26
9997,Elizabeth Hunter,Soup,Starter,1,4.58,Debit Card,1/11/2025 0:23,4.58
